{"cameraMode":{"drawMode":0,"name":"Shaded","section":"Shading Mode"},"sceneLighting":false,"audioPlay":false,"sceneViewState":{"showFog":true,"showMaterialUpdate":false,"showSkybox":true,"showFlares":true,"showImageEffects":true,"showParticleSystems":true},"in2DMode":false,"pivot":{"x":-13.908607482910157,"y":4.307619571685791,"z":17.612791061401368},"rotation":{"x":-0.2734467387199402,"y":-0.5808873772621155,"z":0.2159273773431778,"w":-0.7356439828872681},"size":20.7371826171875,"orthographic":false}