{"cameraMode":{"drawMode":0,"name":"Shaded","section":"Shading Mode"},"sceneLighting":false,"audioPlay":false,"sceneViewState":{"showFog":true,"showMaterialUpdate":true,"showSkybox":true,"showFlares":true,"showImageEffects":true,"showParticleSystems":true},"in2DMode":false,"pivot":{"x":0.669459342956543,"y":5.2545905113220219,"z":0.5573835372924805},"rotation":{"x":0.44311097264289858,"y":0.28903722763061526,"z":-0.15345361828804017,"w":0.834602952003479},"size":32.31394577026367,"orthographic":false}