{"cameraMode":{"drawMode":0,"name":"Shaded","section":"Shading Mode"},"sceneLighting":false,"audioPlay":false,"sceneViewState":{"showFog":true,"showMaterialUpdate":true,"showSkybox":true,"showFlares":true,"showImageEffects":true,"showParticleSystems":true},"in2DMode":false,"pivot":{"x":-41.68235397338867,"y":1.481571912765503,"z":17.747600555419923},"rotation":{"x":-0.07478410005569458,"y":-0.9176436066627502,"z":0.20761708915233613,"w":-0.330503910779953},"size":14.933196067810059,"orthographic":false}