{"cameraMode":{"drawMode":0,"name":"Shaded","section":"Shading Mode"},"sceneLighting":true,"audioPlay":false,"sceneViewState":{"showFog":true,"showMaterialUpdate":true,"showSkybox":true,"showFlares":true,"showImageEffects":true,"showParticleSystems":true},"in2DMode":false,"pivot":{"x":277.3938903808594,"y":95.07763671875,"z":329.0351867675781},"rotation":{"x":0.22863204777240754,"y":-0.175188809633255,"z":0.04186954349279404,"w":0.9567043781280518},"size":32.891693115234378,"orthographic":false}