{"cameraMode":{"drawMode":0,"name":"Shaded","section":"Shading Mode"},"sceneLighting":false,"audioPlay":false,"sceneViewState":{"showFog":true,"showMaterialUpdate":true,"showSkybox":true,"showFlares":true,"showImageEffects":true,"showParticleSystems":true},"in2DMode":false,"pivot":{"x":-12.43218994140625,"y":2.315520763397217,"z":0.32150575518608096},"rotation":{"x":0.13022151589393617,"y":0.8595272302627564,"z":-0.27067258954048159,"w":0.4135114252567291},"size":6.308619499206543,"orthographic":false}