{"cameraMode":{"drawMode":0,"name":"Shaded","section":"Shading Mode"},"sceneLighting":false,"audioPlay":false,"sceneViewState":{"showFog":true,"showMaterialUpdate":true,"showSkybox":true,"showFlares":true,"showImageEffects":true,"showParticleSystems":true},"in2DMode":false,"pivot":{"x":514.036376953125,"y":-0.001883221324533224,"z":549.9785766601563},"rotation":{"x":-0.45894238352775576,"y":-0.2119295448064804,"z":0.11371564865112305,"w":-0.8552931547164917},"size":22.0,"orthographic":false}