{"cameraMode":{"drawMode":0,"name":"Shaded","section":"Shading Mode"},"sceneLighting":true,"audioPlay":false,"sceneViewState":{"showFog":true,"showMaterialUpdate":true,"showSkybox":true,"showFlares":true,"showImageEffects":true,"showParticleSystems":true},"in2DMode":false,"pivot":{"x":284.5387268066406,"y":108.73502349853516,"z":307.56640625},"rotation":{"x":0.307066947221756,"y":0.25589892268180849,"z":-0.08610177785158158,"w":0.912585437297821},"size":8.083316802978516,"orthographic":false}