{"cameraMode":{"drawMode":0,"name":"Shaded","section":"Shading Mode"},"sceneLighting":false,"audioPlay":false,"sceneViewState":{"showFog":true,"showMaterialUpdate":true,"showSkybox":true,"showFlares":true,"showImageEffects":true,"showParticleSystems":true},"in2DMode":false,"pivot":{"x":-0.1354084014892578,"y":3.570168972015381,"z":-0.09569251537322998},"rotation":{"x":-0.17757548391819,"y":0.14720703661441804,"z":-0.026877202093601228,"w":-0.9726637005805969},"size":14.384257316589356,"orthographic":false}