{"cameraMode":{"drawMode":0,"name":"Shaded","section":"Shading Mode"},"sceneLighting":false,"audioPlay":false,"sceneViewState":{"showFog":true,"showMaterialUpdate":true,"showSkybox":true,"showFlares":true,"showImageEffects":true,"showParticleSystems":true},"in2DMode":false,"pivot":{"x":-0.0000095367431640625,"y":0.02060825750231743,"z":-0.00001765042543411255},"rotation":{"x":0.3099963963031769,"y":-0.13412152230739594,"z":0.04422563314437866,"w":0.940190315246582},"size":0.2712361216545105,"orthographic":false}